Arrival,0.02338088178239974
Arrival,0.027560783012246723
Arrival,0.04108573226563157
Arrival,0.05395956077997622
Arrival,0.05654020357760305
Arrival,0.06086358110265006
Arrival,0.08706233968145496
Arrival,0.11237845601879096
Arrival,0.11276865810093618
Arrival,0.12156593834812268
Arrival,0.13126217596439754
Arrival,0.13153090600163442
Arrival,0.20261118903792733
Arrival,0.22409625153893076
Arrival,0.22643387106242624
Arrival,0.23215096422427922
Arrival,0.24913384234497238
Arrival,0.26314650182841876
Arrival,0.2776652519125438
Arrival,0.27888873547346754
Arrival,0.2904492844302784
Arrival,0.2957497619879562
Arrival,0.3066406605598349
Arrival,0.3322359595498389
Arrival,0.35082023432831405
Arrival,0.35214315110414973
Arrival,0.36297461064743636
Arrival,0.37244365300583687
Arrival,0.3914922466196988
Arrival,0.39419947515263226
Arrival,0.3953813983061308
Arrival,0.4088980092381266
Arrival,0.41181279542731436
Arrival,0.42109344052387165
Arrival,0.43011395447425077
Arrival,0.47743627073298645
Arrival,0.4961077957704226
Arrival,0.4989733149037659
Arrival,0.5013262051737297
Arrival,0.513687474816519
Arrival,0.5256365744810407
Arrival,0.5268690542118177
Arrival,0.532474020498647
Arrival,0.5459427172678523
Arrival,0.5514526793111474
Arrival,0.6005508828612164
Arrival,0.60828423054121
Arrival,0.6189840647590512
Arrival,0.6341827729825331
Arrival,0.6365122351126964
Arrival,0.6387499957031716
Arrival,0.705776786992435
Arrival,0.7142489994555637
Arrival,0.7383521412026715
Arrival,0.7401361240711946
Arrival,0.7440083891473995
Arrival,0.7447208160051683
Arrival,0.7467826868245413
Arrival,0.7509945384096628
Arrival,0.7561614453899692
Arrival,0.7792248393873193
Arrival,0.8050387397763684
Arrival,0.8192404532949275
Arrival,0.8404377058712197
Arrival,0.8429141255854172
Arrival,0.8541265608797296
Arrival,0.8547715654502708
Arrival,0.8709812932721811
Arrival,0.8710375207109221
Arrival,0.8905012823151708
Arrival,0.8925953135821173
Arrival,0.9023557326716801
Arrival,0.9185721626934419
Arrival,0.920142706408157
Arrival,0.958024822376832
Arrival,0.9601975547437461
Arrival,0.9617679770040394
Arrival,0.9712046122540637
Arrival,0.9959103347007592
Arrival,1.0031386806943643
Arrival,1.0108603194766284
Arrival,1.022613019471586
Arrival,1.0313298002218982
Arrival,1.0498349802046623
Arrival,1.052656276969236
Arrival,1.0843186060744938
Arrival,1.0921536111746073
Arrival,1.1287895628030131
Arrival,1.15806902651936
Arrival,1.1596382964213512
Arrival,1.189069471730743
Arrival,1.2526964546710893
Arrival,1.2702655408475536
Arrival,1.273017243179299
Arrival,1.2737292974533168
Arrival,1.2942920213240896
Arrival,1.2967222748314957
Arrival,1.3014301244367181
Arrival,1.325877505396882
Arrival,1.337749672622417
Arrival,1.340852067138344
Arrival,1.3849685477691753
Arrival,1.4053217976091696
Arrival,1.4098877182882636
Arrival,1.4105245619077158
Arrival,1.4324442971942828
Arrival,1.4339844430035098
Arrival,1.4706340938372209
Arrival,1.47150338406219
Arrival,1.5070511432772251
Arrival,1.5079999187742754
Arrival,1.5204715447603472
Arrival,1.5213688680051474
Arrival,1.5331740530334181
Arrival,1.533890917311121
Arrival,1.5650479755966389
Arrival,1.5722460057310772
Arrival,1.5786680733604104
Arrival,1.5811475274140632
Arrival,1.583987850352514
Arrival,1.611805030463824
Arrival,1.6158770400866755
Arrival,1.6190427849226385
Arrival,1.6220616252913356
Arrival,1.6281757342548917
Arrival,1.6333623629420322
Arrival,1.6434897194967955
Arrival,1.647442743020304
Arrival,1.6669098733920051
Arrival,1.6941066659468091
Arrival,1.7209614498079768
Arrival,1.7303967485831717
Arrival,1.7673808217980302
Arrival,1.7749635256500105
Arrival,1.812294518239478
Arrival,1.8242218529103011
Arrival,1.8509707151787402
Arrival,1.8772719699757374
Arrival,1.901578822919618
Arrival,1.902557931426204
Arrival,1.9026086477353639
Arrival,1.9048868991142986
Arrival,1.9307785754752074
Arrival,1.947475754994961
Arrival,1.957056490500056
Arrival,2.001973070900319
Arrival,2.0227853112616585
Arrival,2.038706340509983
Arrival,2.0514374440821683
Arrival,2.056888015553709
Arrival,2.058447115585432
Arrival,2.059667989166395
Arrival,2.085393198355006
Arrival,2.0979688736784996
Arrival,2.1035379868210686
Arrival,2.117539983943729
Arrival,2.1285522820997493
Arrival,2.1407224515203263
Arrival,2.1557193158288515
Arrival,2.161780295769423
Arrival,2.188277984870732
Arrival,2.188388431504313
Arrival,2.2080526192031042
Arrival,2.215408502630449
Arrival,2.2272432143233787
Arrival,2.249300586060769
Arrival,2.2596076956091586
Arrival,2.276269681099557
Arrival,2.278681143536036
Arrival,2.2793639695551176
Arrival,2.2924066983630444
Arrival,2.3044699193479876
Arrival,2.3081602719895447
Arrival,2.3238919388278223
Arrival,2.327284010230847
Arrival,2.329144673655872
Arrival,2.3374175129477957
Arrival,2.3466238653964457
Arrival,2.3506344774319285
Arrival,2.3796348838961316
Arrival,2.4328208897326316
Arrival,2.438215757375303
Arrival,2.4583875019392063
Arrival,2.4696208604609535
Arrival,2.4715998664719288
Arrival,2.476459687756038
Arrival,2.4890561437152163
Arrival,2.493314783382901
Arrival,2.518447241758191
Arrival,2.5222130799955607
Arrival,2.542902746997954
Arrival,2.560331515947381
Arrival,2.5932323774126433
Arrival,2.6010225257294044
Arrival,2.6238394344792764
Arrival,2.6290185092813436
Arrival,2.6618683212986998
Arrival,2.6721861243384972
Arrival,2.680522153984216
Arrival,2.698321062373354
Arrival,2.702803460198178
Arrival,2.705925268877714
Arrival,2.7212759416315677
Arrival,2.7334455736319154
Arrival,2.748642364067364
Arrival,2.7700379608157846
Arrival,2.7775594148372127
Arrival,2.778270965891233
Arrival,2.8018231049908895
Arrival,2.811710664396865
Arrival,2.8399466580038495
Arrival,2.8435306750879836
Arrival,2.846292523166602
Arrival,2.8483785217269655
Arrival,2.8495679401778022
Arrival,2.8497956198475594
Arrival,2.852182629284187
Arrival,2.855034914197276
Arrival,2.855785360890075
Arrival,2.8753951926227184
Arrival,2.9001937605253425
Arrival,2.9089761856914915
Arrival,2.909866323519504
Arrival,2.9100795349216226
Arrival,2.921333507178766
Arrival,2.92616013544063
Arrival,2.9265307950093336
Arrival,2.9672051014660097
Arrival,2.9689840418133353
Arrival,2.985906186182548
Arrival,2.996140339145206
Arrival,3.0146749459161617
Arrival,3.034958920739261
Arrival,3.0355561739263406
Arrival,3.0450326641231302
Arrival,3.0514434509359334
Arrival,3.0545858629913876
Arrival,3.054931819487741
Arrival,3.055564693792245
Arrival,3.057481967814024
Arrival,3.066310041689571
Arrival,3.0735082707686354
Arrival,3.110581314333059
Arrival,3.111255415982935
Arrival,3.20781568844593
Arrival,3.2269947986792418
Arrival,3.229535482684159
Arrival,3.232894395049924
Arrival,3.2545902425926774
Arrival,3.287558135096916
Arrival,3.3260130001268258
Arrival,3.3522007210216223
Arrival,3.407968421072965
Arrival,3.417345486519677
Arrival,3.4216793834324895
Arrival,3.451533862588819
Arrival,3.472946804542054
Arrival,3.4883304897467937
Arrival,3.4931707968627768
Arrival,3.500729818137669
Arrival,3.5565049296674145
Arrival,3.5701574913083154
Arrival,3.5718310334407506
Arrival,3.5769150848731157
Arrival,3.578227123862472
Arrival,3.5971168654353374
Arrival,3.613095913661843
Arrival,3.6148752460423372
Arrival,3.6340994091218173
Arrival,3.65772160969008
Arrival,3.6585892175222208
Arrival,3.660408964299811
Arrival,3.6707796329266125
Arrival,3.67583789537107
Arrival,3.6841739490573358
Arrival,3.6905079931708293
Arrival,3.690678399370401
Arrival,3.702741373430738
Arrival,3.717009321681205
Arrival,3.72706357336328
Arrival,3.73371682587542
Arrival,3.741251143730325
Arrival,3.742524670166137
Arrival,3.754420983921806
Arrival,3.764685611125163
Arrival,3.7668530776807128
Arrival,3.773929803822913
Arrival,3.819681802925752
Arrival,3.846124536250572
Arrival,3.872817887451517
Arrival,3.8856560971611525
Arrival,3.8979580828843106
Arrival,3.906515564526278
Arrival,3.945292210718044
Arrival,3.9483540520179057
Arrival,3.9736009500648883
Arrival,3.9761758079260154
Arrival,3.992716817261519
Arrival,4.006841115878944
Arrival,4.013503639555978
Arrival,4.0267176103035345
Arrival,4.069032518963239
Arrival,4.084653028947728
Arrival,4.108410104450688
Arrival,4.11604880848502
Arrival,4.119710834643338
Arrival,4.1251450263300224
Arrival,4.132503234352881
Arrival,4.13333888266725
Arrival,4.135239360773598
Arrival,4.137019630025817
Arrival,4.138966927759016
Arrival,4.142726904087605
Arrival,4.1585247245017944
Arrival,4.16101803415245
Arrival,4.195781093827
Arrival,4.217150040683693
Arrival,4.220458531160271
Arrival,4.244647308072986
Arrival,4.245401881119007
Arrival,4.252047627322214
Arrival,4.269989790678232
Arrival,4.275978369003282
Arrival,4.318868730108189
Arrival,4.330144284273714
Arrival,4.340426614365672
Arrival,4.344117565030801
Arrival,4.361241418738619
Arrival,4.409942160694193
Arrival,4.459796198881913
Arrival,4.46450040767088
Arrival,4.497793264193319
Arrival,4.498930543577421
Arrival,4.51499408891511
Arrival,4.518195615868741
Arrival,4.520400726399846
Arrival,4.524335282681483
Arrival,4.532431543955743
Arrival,4.5345415752414215
Arrival,4.536368410133741
Arrival,4.5407914668692575
Arrival,4.547640404001973
Arrival,4.558747284046854
Arrival,4.560441769665825
Arrival,4.566511369619809
Arrival,4.587728972532889
Arrival,4.612717722093485
Arrival,4.61590875462044
Arrival,4.6218297070571355
Arrival,4.62915309456721
Arrival,4.640761998719902
Arrival,4.673800243769751
Arrival,4.69765666853524
Arrival,4.7008039365141245
Arrival,4.707806931912889
Arrival,4.707934886566537
Arrival,4.731065463947086
Arrival,4.731604410401777
Arrival,4.740627149564745
Arrival,4.7474090573166725
Arrival,4.753999088102543
Arrival,4.763446525315862
Arrival,4.763694664190554
Arrival,4.777234927450105
Arrival,4.785012257689507
Arrival,4.791819764408128
Arrival,4.832448991407602
Arrival,4.844118058400506
Arrival,4.855197690571904
Arrival,4.856420157942898
Arrival,4.886770828379485
Arrival,4.89683672836695
Arrival,4.936361590987009
Arrival,4.93724714932532
Arrival,4.940785955748398
Arrival,4.941321632462528
Arrival,4.943806373748522
Arrival,4.949417226084316
Arrival,4.950560357007115
Arrival,4.968604816494609
Arrival,4.977389579354283
Arrival,4.982082752802833
Arrival,4.990313526100085
Arrival,5.005507831614724
Arrival,5.020669074521778
Arrival,5.026993940479379
Arrival,5.037963630123731
Arrival,5.052036296986881
Arrival,5.062617030376469
Arrival,5.089692524911867
Arrival,5.090282581983662
Arrival,5.094892885778774
Arrival,5.109107225307449
Arrival,5.110027412154559
Arrival,5.120656838489283
Arrival,5.134645901519972
Arrival,5.144377523098992
Arrival,5.155381652741547
Arrival,5.1554946881044845
Arrival,5.175827027154963
Arrival,5.18558966759673
Arrival,5.200272152598908
Arrival,5.205654992998713
Arrival,5.266903514414176
Arrival,5.269618281782275
Arrival,5.270947265515569
Arrival,5.281692739331126
Arrival,5.2969402232690275
Arrival,5.304117855540215
Arrival,5.334371932115511
Arrival,5.3544302226610245
Arrival,5.3745850652695
Arrival,5.3896726375827315
Arrival,5.39974190039343
Arrival,5.4044898622910695
Arrival,5.410456598750133
Arrival,5.4509949449548225
Arrival,5.461244021185358
Arrival,5.476019470143608
Arrival,5.4923900901069365
Arrival,5.496671815939869
Arrival,5.501755261592848
Arrival,5.531465080968307
Arrival,5.532295540941623
Arrival,5.535416852093249
Arrival,5.546348219107598
Arrival,5.565396880479586
Arrival,5.571446112676678
Arrival,5.572792008611034
Arrival,5.581896643788873
Arrival,5.624369397018686
Arrival,5.6271459421212535
Arrival,5.631371044822643
Arrival,5.6347036939458155
Arrival,5.639200450905889
Arrival,5.651920892747879
Arrival,5.654295093578674
Arrival,5.657762946567646
Arrival,5.7011968933444646
Arrival,5.709899023477412
Arrival,5.720556948733485
Arrival,5.729244941637403
Arrival,5.746789314561634
Arrival,5.77335679492343
Arrival,5.816997665343487
Arrival,5.8230967304026775
Arrival,5.8261658580944
Arrival,5.850291690533664
Arrival,5.877203494609666
Arrival,5.903565599369107
Arrival,5.926488952106984
Arrival,5.928166868465654
Arrival,5.959811114551753
Arrival,5.968018675200305
Arrival,5.996258684440085
Arrival,6.043420484828992
Arrival,6.047888830298387
Arrival,6.1051180398781115
Arrival,6.128850121254084
Arrival,6.1298883210471695
Arrival,6.152020586051738
Arrival,6.154989481992392
Arrival,6.186920697339516
Arrival,6.190185574753344
Arrival,6.201890886669987
Arrival,6.243860466951524
Arrival,6.247703180833045
Arrival,6.255759587633337
Arrival,6.26303577848233
Arrival,6.269848843335113
Arrival,6.287771982981767
Arrival,6.3042358629195325
Arrival,6.307450886502511
Arrival,6.345794837178218
Arrival,6.353786325903909
Arrival,6.357793873633749
Arrival,6.37601763372925
Arrival,6.382545954088741
Arrival,6.3990649821616366
Arrival,6.410497012379037
Arrival,6.4286149612346595
Arrival,6.479364367737293
Arrival,6.482141837748011
Arrival,6.506817324865816
Arrival,6.52264437935724
Arrival,6.537523741579964
Arrival,6.568371233523995
Arrival,6.58268483575059
Arrival,6.589524400489883
Arrival,6.606539616770739
Arrival,6.632134906787025
Arrival,6.679348851906511
Arrival,6.693206003835945
Arrival,6.698150663273846
Arrival,6.69905070221047
Arrival,6.7170748033014185
Arrival,6.727629310463536
Arrival,6.739644549350612
Arrival,6.761305301743644
Arrival,6.764019948798314
Arrival,6.772082388813441
Arrival,6.781272521281718
Arrival,6.806129343334658
Arrival,6.814372936908776
Arrival,6.834045639357071
Arrival,6.849698946006351
Arrival,6.859799678885557
Arrival,6.894659913726048
Arrival,6.914806503982782
Arrival,6.919735816897646
Arrival,6.935096602749842
Arrival,6.93615652073119
Arrival,6.951526964402087
Arrival,6.953587601616337
Arrival,6.955480656556069
Arrival,6.9691293181152325
Arrival,6.9856364472329595
Arrival,6.986833535031045
Arrival,7.003778400269798
Arrival,7.025020958813205
Arrival,7.026868783189034
Arrival,7.033516881778842
Arrival,7.050689119239911
Arrival,7.092336926141636
Arrival,7.096162524044843
Arrival,7.0966620260595175
Arrival,7.107327043410754
Arrival,7.10865249957777
Arrival,7.1238741752561126
Arrival,7.159525052956292
Arrival,7.164984913696673
Arrival,7.1734112595288435
Arrival,7.1772156298058345
Arrival,7.18678831331023
Arrival,7.197302804007651
Arrival,7.204298522654717
Arrival,7.204446958290892
Arrival,7.205907485629087
Arrival,7.207338946885903
Arrival,7.211384621304176
Arrival,7.223088232899399
Arrival,7.241828087133557
Arrival,7.2564268933657345
Arrival,7.260094388285947
Arrival,7.276007287267025
Arrival,7.284186311735773
Arrival,7.285123600437252
Arrival,7.293262311064245
Arrival,7.30256499602012
Arrival,7.320115575242468
Arrival,7.345982631960192
Arrival,7.35987032642114
Arrival,7.3645779769471424
Arrival,7.3906163495852155
Arrival,7.4189352505457
Arrival,7.4216045504081
Arrival,7.426347123629301
Arrival,7.427573498568292
Arrival,7.4302633614738225
Arrival,7.46809333889759
Arrival,7.479905532366399
Arrival,7.488469880786188
Arrival,7.523774512342366
Arrival,7.540399666360367
Arrival,7.549642528218061
Arrival,7.5603518510972245
Arrival,7.6251849002308205
Arrival,7.632032167794543
Arrival,7.642374495976129
Arrival,7.645378641113209
Arrival,7.648509522166069
Arrival,7.665984032176293
Arrival,7.680011403375838
Arrival,7.680692810963437
Arrival,7.683161033967236
Arrival,7.689927364116612
Arrival,7.691767444204548
Arrival,7.697988708329755
Arrival,7.700077354769557
Arrival,7.700650624177351
Arrival,7.7267679573133465
Arrival,7.760997504839838
Arrival,7.76349247197684
Arrival,7.765043853940029
Arrival,7.77085041918507
Arrival,7.7776113980287205
Arrival,7.782084329611945
Arrival,7.8099141614416325
Arrival,7.813772883760686
Arrival,7.823462752621752
Arrival,7.823960465916265
Arrival,7.83025028790103
Arrival,7.83128947370458
Arrival,7.832263545567576
Arrival,7.83368783332099
Arrival,7.838304987298609
Arrival,7.863236866212938
Arrival,7.908782497116582
Arrival,7.9128346608881746
Arrival,7.924120459595235
Arrival,7.931860774655553
Arrival,7.933954948856341
Arrival,7.952820952188747
Arrival,7.9651958539143255
Arrival,7.990871110292519
Arrival,8.014417051738405
Arrival,8.032353348007616
Arrival,8.03331096554458
Arrival,8.036749535740638
Arrival,8.050063743322037
Arrival,8.070047111585854
Arrival,8.081856542187111
Arrival,8.098226327474242
Arrival,8.100087684906995
Arrival,8.118465625598613
Arrival,8.126913363927995
Arrival,8.141538504943975
Arrival,8.14218135778711
Arrival,8.15592984104772
Arrival,8.163524050899039
Arrival,8.174685873932406
Arrival,8.176022647803906
Arrival,8.181815830105878
Arrival,8.185462752934393
Arrival,8.19609782524901
Arrival,8.196877178152269
Arrival,8.212183594018711
Arrival,8.21323167785235
Arrival,8.22329952008352
Arrival,8.238680662933193
Arrival,8.247016205778657
Arrival,8.247622993942796
Arrival,8.260218236905985
Arrival,8.284039065027764
Arrival,8.298603012518953
Arrival,8.313053540325408
Arrival,8.321622478477055
Arrival,8.341302600426319
Arrival,8.34658642457836
Arrival,8.350984634895047
Arrival,8.360482078994211
Arrival,8.377386743352531
Arrival,8.383536952937503
Arrival,8.387488266463608
Arrival,8.394719621464452
Arrival,8.410235177234146
Arrival,8.427082240102823
Arrival,8.43097744990257
Arrival,8.437241356501634
Arrival,8.443732401258814
Arrival,8.459392090028746
Arrival,8.460195790788177
Arrival,8.466957437280602
Arrival,8.474830857461203
Arrival,8.490826625784603
Arrival,8.493836858470196
Arrival,8.502455661713832
Arrival,8.536314754323527
Arrival,8.57006482307121
Arrival,8.571250504482277
Arrival,8.57702685594894
Arrival,8.577721349410572
Arrival,8.584920821702767
Arrival,8.609009856998188
Arrival,8.6090278262168
Arrival,8.618552556128735
Arrival,8.636181507480535
Arrival,8.636727586377459
Arrival,8.63700096599768
Arrival,8.657173053152643
Arrival,8.659562396460009
Arrival,8.662499627041457
Arrival,8.668418441117197
Arrival,8.682578184354952
Arrival,8.688719303873224
Arrival,8.724150978453206
Arrival,8.724506068589244
Arrival,8.730564724533078
Arrival,8.73929612927904
Arrival,8.743259100502721
Arrival,8.744717705361065
Arrival,8.758728940241095
Arrival,8.763049697418696
Arrival,8.767138560858713
Arrival,8.790291809519557
Arrival,8.814332451224717
Arrival,8.828602810674349
Arrival,8.833347795478401
Arrival,8.833648984741583
Arrival,8.844136663611751
Arrival,8.844679463311587
Arrival,8.862097327883708
Arrival,8.880094688691486
Arrival,8.882347444736467
Arrival,8.890237308766357
Arrival,8.909282902106742
Arrival,8.910539854305982
Arrival,8.91341475110228
Arrival,8.9190067081723
Arrival,8.930867725463916
Arrival,8.990233973532437
Arrival,9.008307405272673
Arrival,9.018885433351027
Arrival,9.056237923496507
Arrival,9.063513109390648
Arrival,9.067694511247545
Arrival,9.090697721588935
Arrival,9.10271273515365
Arrival,9.121462944174445
Arrival,9.14893298464186
Arrival,9.15479099163244
Arrival,9.169812241575977
Arrival,9.175937455898902
Arrival,9.189291292619139
Arrival,9.202010574142141
Arrival,9.238256688277307
Arrival,9.239300933880065
Arrival,9.239545568192872
Arrival,9.246078894549466
Arrival,9.25491746889194
Arrival,9.261501028357642
Arrival,9.265846947145407
Arrival,9.2713109140841
Arrival,9.286953215861624
Arrival,9.297176135795283
Arrival,9.304859703131635
Arrival,9.30983837408343
Arrival,9.318413857547178
Arrival,9.32108849987656
Arrival,9.330093549117725
Arrival,9.332971313204053
Arrival,9.334606828130784
Arrival,9.367391643523595
Arrival,9.368248220279805
Arrival,9.389483701306135
Arrival,9.393339546933744
Arrival,9.419386106271789
Arrival,9.427520852153807
Arrival,9.440710052505397
Arrival,9.459431764048981
Arrival,9.46771454558275
Arrival,9.469861715134575
Arrival,9.473799576769762
Arrival,9.475593690634469
Arrival,9.480164216565967
Arrival,9.488563525468242
Arrival,9.502904381233922
Arrival,9.521607071788402
Arrival,9.527196432865743
Arrival,9.534313743113726
Arrival,9.535559893919276
Arrival,9.550289849215813
Arrival,9.552084979019373
Arrival,9.558317129236567
Arrival,9.588942030062416
Arrival,9.599561492566425
Arrival,9.609261002163912
Arrival,9.633393359308288
Arrival,9.641081885374845
Arrival,9.64537242779107
Arrival,9.681005165654394
Arrival,9.695828185315403
Arrival,9.715055191160172
Arrival,9.716719326109995
Arrival,9.72597884419343
Arrival,9.821152367241645
Arrival,9.856629752979597
Arrival,9.859558270467543
Arrival,9.859604809469547
Arrival,9.86038759130276
Arrival,9.88559131433315
Arrival,9.89130468074229
Arrival,9.924954617128433
Arrival,9.926032948004098
Arrival,9.936211444871677
Arrival,9.937985797735772
Arrival,9.94078942703549
Arrival,9.957212602347552
Arrival,9.981624197225878
Arrival,9.98541860686742
Arrival,9.99024791722681
Arrival,10.001218038322067
Arrival,10.012420756895322
Arrival,10.018064205399781
Arrival,10.041268369369881
Arrival,10.041963680290593
Arrival,10.062945230178691
Arrival,10.067784125466266
Arrival,10.076600823137259
Arrival,10.076853727190136
Arrival,10.079055120524366
Arrival,10.094040092627594
Arrival,10.10114497133765
Arrival,10.115949619481157
Arrival,10.124398154338788
Arrival,10.134162911508747
Arrival,10.160695779141369
Arrival,10.1769120429893
Arrival,10.192601072871412
Arrival,10.204474908880458
Arrival,10.234795637400138
Arrival,10.267521311417624
Arrival,10.28585848369582
Arrival,10.287338938421682
Arrival,10.300391902891954
Arrival,10.34294993759342
Arrival,10.378389218946255
Arrival,10.391363039853335
Arrival,10.399317931571655
Arrival,10.431800167713375
Arrival,10.433445117411848
Arrival,10.441667656420648
Arrival,10.457774744898067
Arrival,10.480894129947146
Arrival,10.483155019506786
Arrival,10.490456831267405
Arrival,10.49721397474962
Arrival,10.501107893162844
Arrival,10.507103073383897
Arrival,10.508368259135954
Arrival,10.5331879572318
Arrival,10.557825923611992
Arrival,10.60324288194248
Arrival,10.621316783249966
Arrival,10.632097424584005
Arrival,10.637999743543373
Arrival,10.65592293855277
Arrival,10.69409271503602
Arrival,10.706267902844935
Arrival,10.70838557634512
Arrival,10.710244370906238
Arrival,10.722110646543834
Arrival,10.72888575808296
Arrival,10.730096633023923
Arrival,10.736963258784787
Arrival,10.753460430718548
Arrival,10.757954388596724
Arrival,10.766075054041435
Arrival,10.768376522682441
Arrival,10.792083244341946
Arrival,10.815528188858535
Arrival,10.856755539141622
Arrival,10.85755680819111
Arrival,10.860105036585079
Arrival,10.873110706445194
Arrival,10.886807538884286
Arrival,10.897928861968616
Arrival,10.933792205246402
Arrival,10.955743748121742
Arrival,10.964959205114047
Arrival,10.97545483460032
Arrival,10.992590309950149
Arrival,11.036558279502211
Arrival,11.05463217471051
Arrival,11.06159600783802
Arrival,11.085409998552404
Arrival,11.092007010487604
Arrival,11.09847193782894
Arrival,11.109040156489497
Arrival,11.121154032379692
Arrival,11.16780643583296
Arrival,11.196052393591888
Arrival,11.200784140804126
Arrival,11.210163575505414
Arrival,11.229883531647102
Arrival,11.237670655933227
Arrival,11.239641159681188
Arrival,11.240961580302754
Arrival,11.243228926854188
Arrival,11.245277564517265
Arrival,11.270721471086942
Arrival,11.30992234250508
Arrival,11.33073973238209
Arrival,11.360180035091933
Arrival,11.369178218085246
Arrival,11.373480753034263
Arrival,11.378595040599338
Arrival,11.37968689189024
Arrival,11.390606417790325
Arrival,11.391460286925426
Arrival,11.397240784805438
Arrival,11.424209213719966
Arrival,11.43115149274737
Arrival,11.438220257412159
Arrival,11.51821221857144
Arrival,11.520620069521762
Arrival,11.5391585404425
Arrival,11.564423342550292
Arrival,11.574022883069258
Arrival,11.611890325453306
Arrival,11.622815341571325
Arrival,11.63317664946662
Arrival,11.676093370918771
Arrival,11.676729626521087
Arrival,11.677921305424142
Arrival,11.682758787465067
Arrival,11.684357420558156
Arrival,11.704226673613007
Arrival,11.704947343172444
Arrival,11.706427209225424
Arrival,11.711124079236683
Arrival,11.712407722905969
Arrival,11.761689332967642
Arrival,11.782963973876504
Arrival,11.794116077120437
Arrival,11.802100893174261
Arrival,11.830079825376277
Arrival,11.839660100474447
Arrival,11.842608078548297
Arrival,11.84859314436843
Arrival,11.850623274860085
Arrival,11.852166163986888
Arrival,11.90386313975147
Arrival,11.919399317190894
Arrival,11.920843712364148
Arrival,11.921645471047771
Arrival,11.931706881466782
Arrival,11.933635433152684
Arrival,11.94181108508896
Arrival,11.94380732966025
Arrival,11.96878598102521
Arrival,11.986409137425916
Arrival,12.017327591762891
Arrival,12.055032016751303
Arrival,12.057300134540384
Arrival,12.05817069067501
Arrival,12.068278778058168
Arrival,12.096547980329857
Arrival,12.117971500214908
Arrival,12.148483749065337
Arrival,12.15946130805692
Arrival,12.16588250923433
Arrival,12.171377515851583
Arrival,12.175997328315436
Arrival,12.17814045371569
Arrival,12.180940112129665
Arrival,12.200130092372564
Arrival,12.201862235791982
Arrival,12.205369585223092
Arrival,12.260073706323684
Arrival,12.27025583587397
Arrival,12.278418327360448
Arrival,12.290949567903954
Arrival,12.293379861914556
Arrival,12.301411589193002
Arrival,12.302469596083816
Arrival,12.317408011427363
Arrival,12.350970633314194
Arrival,12.35475777340404
Arrival,12.361491531686179
Arrival,12.384374179555978
Arrival,12.386703696914063
Arrival,12.403050365962462
Arrival,12.424466929489931
Arrival,12.438588461265232
Arrival,12.463292743440892
Arrival,12.504594077646718
Arrival,12.529240679454958
Arrival,12.532798216236353
Arrival,12.546801403984308
Arrival,12.565523896049562
Arrival,12.579599024376034
Arrival,12.58033659975515
Arrival,12.58353710788129
Arrival,12.589939576118331
Arrival,12.605532889821818
Arrival,12.62689851270062
Arrival,12.627180749453089
Arrival,12.629313950771577
Arrival,12.637334942806273
Arrival,12.688806340534832
Arrival,12.69658213060857
Arrival,12.705301028334569
Arrival,12.720673280599486
Arrival,12.720756611350884
Arrival,12.755253164642989
Arrival,12.769398935953436
Arrival,12.782381963430637
Arrival,12.78433068871754
Arrival,12.785797986426996
Arrival,12.78943316215823
Arrival,12.79172408145986
Arrival,12.794423088303159
Arrival,12.795650820768875
Arrival,12.799518503268278
Arrival,12.801998980493435
Arrival,12.81826313014902
Arrival,12.829274355780834
Arrival,12.838499542397056
Arrival,12.875341704164434
Arrival,12.89732238609849
Arrival,12.898269021284124
Arrival,12.910395938737963
Arrival,12.948642804729355
Arrival,12.957090070635235
Arrival,13.001497591825519
Arrival,13.020382301046698
Arrival,13.026141986454268
Arrival,13.040510444949954
Arrival,13.059567452863572
Departure,0.02415895846818838
Departure,0.028814083639268198
Departure,0.041989558078898426
Departure,0.05530415595102635
Departure,0.05702570640565174
Departure,0.06135623464501105
Departure,0.08706641350816678
Departure,0.11286766935210657
Departure,0.11581648681950707
Departure,0.12259261731387124
Departure,0.13327018120814263
Departure,0.13582857543913
Departure,0.20511898325407354
Departure,0.22421289028562422
Departure,0.2275781668222361
Departure,0.23487853005057696
Departure,0.24915875700047718
Departure,0.2641513120643542
Departure,0.28004584263969395
Departure,0.28048047009153526
Departure,0.29047566509378786
Departure,0.2961179795055359
Departure,0.30711216590728246
Departure,0.3326205903913178
Departure,0.3525737780963286
Departure,0.35268732885229565
Departure,0.3634443164946171
Departure,0.37368117071505563
Departure,0.4021466051017192
Departure,0.40363622835924445
Departure,0.40714948470511897
Departure,0.4166349533544264
Departure,0.4181079035518763
Departure,0.4239864675487473
Departure,0.4308514673485834
Departure,0.4778606263709718
Departure,0.4961424962749166
Departure,0.49899918898534107
Departure,0.5025631976349533
Departure,0.5148990943989603
Departure,0.5262093172801118
Departure,0.5301124761242911
Departure,0.5338678351449453
Departure,0.5498441786586181
Departure,0.5566057989566057
Departure,0.6007005814795138
Departure,0.6131876472063381
Departure,0.6218309173010814
Departure,0.634942567634141
Departure,0.6372036173122673
Departure,0.639471850741004
Departure,0.7067328782904269
Departure,0.7143870489930662
Departure,0.7390343926791482
Departure,0.7411871478558365
Departure,0.7453509673435987
Departure,0.7459835378664236
Departure,0.7470888184086983
Departure,0.7538661946606943
Departure,0.75822046136925
Departure,0.7841182078172988
Departure,0.8055885411954009
Departure,0.8224946824932045
Departure,0.8412116637012766
Departure,0.8446985178101067
Departure,0.859086529016526
Departure,0.8593052865325819
Departure,0.8713308151456487
Departure,0.8719316116265254
Departure,0.8930480804086137
Departure,0.8978910086052774
Departure,0.9052042067646764
Departure,0.9227675488295451
Departure,0.9228710895648836
Departure,0.9607767036238257
Departure,0.9650846970991683
Departure,0.9660032238680127
Departure,0.972864221514588
Departure,1.000444137448903
Departure,1.0061271858610945
Departure,1.012143691688815
Departure,1.025965279789697
Departure,1.0335469113313427
Departure,1.0498816072986672
Departure,1.0675675078425952
Departure,1.088927972610985
Departure,1.0947468121893775
Departure,1.1307416345983166
Departure,1.162821466811463
Departure,1.1632101527182976
Departure,1.1892218319089554
Departure,1.253097410870327
Departure,1.2710104381057692
Departure,1.2737402232997526
Departure,1.277963766590918
Departure,1.2971018103716536
Departure,1.2992243588720933
Departure,1.3032251177051393
Departure,1.3272521994952033
Departure,1.3381288572815104
Departure,1.3446017321852919
Departure,1.3869816010983307
Departure,1.4061329547856969
Departure,1.4130579007150148
Departure,1.4166779146371395
Departure,1.4329186083374232
Departure,1.434704628622269
Departure,1.4708057686872247
Departure,1.4724466438823094
Departure,1.5073153499564094
Departure,1.510843494019193
Departure,1.5228101002885968
Departure,1.5255746269448605
Departure,1.5345767782933262
Departure,1.5382933246415198
Departure,1.5656822744686083
Departure,1.5731487667366202
Departure,1.5805939121338743
Departure,1.5820641457026148
Departure,1.5842643290043008
Departure,1.6145242665329138
Departure,1.6189201924257237
Departure,1.6200692905578866
Departure,1.622350466420508
Departure,1.6283367957414883
Departure,1.634822440838827
Departure,1.6449499715420497
Departure,1.650290245725931
Departure,1.6687766465735885
Departure,1.6947755628982928
Departure,1.7214557323822808
Departure,1.7315541484237031
Departure,1.7687443654405373
Departure,1.7753213544314306
Departure,1.8134519640993192
Departure,1.825486305614592
Departure,1.852207534201939
Departure,1.8775169428390799
Departure,1.9035815697303902
Departure,1.906413282069713
Departure,1.9100827517986554
Departure,1.9113174782331173
Departure,1.9320705655349801
Departure,1.9515014681684042
Departure,1.958209326636207
Departure,2.00366295684539
Departure,2.028846332344881
Departure,2.040352438339323
Departure,2.0529244715381307
Departure,2.057655661849042
Departure,2.059394741898259
Departure,2.0615105242781313
Departure,2.0860530230564773
Departure,2.098361850760704
Departure,2.104174982038499
Departure,2.11816024277256
Departure,2.1313337113845647
Departure,2.144721877739072
Departure,2.1596634531116923
Departure,2.166351165593755
Departure,2.1894286246392514
Departure,2.192142759897261
Departure,2.208684125187495
Departure,2.216375334873513
Departure,2.227459530104192
Departure,2.2536180598484337
Departure,2.2598226889469593
Departure,2.2768934259611484
Departure,2.2831175689268792
Departure,2.283469575572031
Departure,2.2981692224452996
Departure,2.306952098171798
Departure,2.3089834149538015
Departure,2.327499223801305
Departure,2.329997683774839
Departure,2.3337563828528984
Departure,2.342276414410338
Departure,2.349955898305588
Departure,2.3531681266395466
Departure,2.3805659420766925
Departure,2.43514977439216
Departure,2.438318607863386
Departure,2.459801784934763
Departure,2.4751421863182554
Departure,2.4757459907055215
Departure,2.4780138511970335
Departure,2.4900206712889905
Departure,2.4939685962190747
Departure,2.5188919993046435
Departure,2.523300194821777
Departure,2.5477130932558696
Departure,2.5612454628348966
Departure,2.597469229398476
Departure,2.6022110199807
Departure,2.623960938417612
Departure,2.630411072859201
Departure,2.662855069127292
Departure,2.673151128349229
Departure,2.6809593347719876
Departure,2.6997976912940174
Departure,2.7042489087954285
Departure,2.706479337341383
Departure,2.7229771339973676
Departure,2.7338083818082914
Departure,2.7493654553262945
Departure,2.7717612134212946
Departure,2.781605117680782
Departure,2.7823300525212935
Departure,2.8026364016253917
Departure,2.812200329367356
Departure,2.8399592748458
Departure,2.8460115287809797
Departure,2.8465527072768415
Departure,2.8489911397547307
Departure,2.85193907626968
Departure,2.853331864019119
Departure,2.853916438291177
Departure,2.857185297090517
Departure,2.857665505884393
Departure,2.8791218324516556
Departure,2.9029187542244226
Departure,2.9154026017992445
Departure,2.9159018788313014
Departure,2.9159559320195028
Departure,2.9214570434718032
Departure,2.9277560561079032
Departure,2.9284971605059043
Departure,2.9708578227722238
Departure,2.9726517779699115
Departure,2.986055871159866
Departure,3.000345527689774
Departure,3.0177977736520023
Departure,3.037409343043187
Departure,3.0385068649864757
Departure,3.0466085960924905
Departure,3.0520590504079603
Departure,3.0565119049526603
Departure,3.0596368687710513
Departure,3.0606605581564867
Departure,3.0617144255339737
Departure,3.0717840852491816
Departure,3.0744866585406094
Departure,3.1118448909945644
Departure,3.1119194005233823
Departure,3.2103922328252628
Departure,3.2295759978733183
Departure,3.2307349546404187
Departure,3.2358113605929897
Departure,3.2546494718212653
Departure,3.2878141815857536
Departure,3.3266778991841637
Departure,3.354892996636176
Departure,3.411485626469979
Departure,3.417516811314512
Departure,3.4250411355379353
Departure,3.4517910652297386
Departure,3.4741325511089425
Departure,3.488724683669931
Departure,3.4966940900155117
Departure,3.5018479609473503
Departure,3.55960850529062
Departure,3.571079704539095
Departure,3.576108773942353
Departure,3.577866264185398
Departure,3.5801658190205625
Departure,3.5978257093442307
Departure,3.613570803052818
Departure,3.6156560267430295
Departure,3.634813580764322
Departure,3.6596998670652687
Departure,3.661682865358558
Departure,3.664187507047173
Departure,3.6724876218351663
Departure,3.6785391282146285
Departure,3.6903718887495174
Departure,3.691688341020827
Departure,3.6928031465536497
Departure,3.713539438670727
Departure,3.7191184439242213
Departure,3.7272393541059623
Departure,3.7350217723367125
Departure,3.742782794641232
Departure,3.746413577566188
Departure,3.755293095230625
Departure,3.765128415388722
Departure,3.7718487444868796
Departure,3.7759693118104924
Departure,3.822916592648217
Departure,3.8474667555625395
Departure,3.8730194584614086
Departure,3.886456366561555
Departure,3.8987398097346357
Departure,3.90688824737358
Departure,3.9455607165890094
Departure,3.9483778902288753
Departure,3.976703450763389
Departure,3.9777817106374136
Departure,3.994131814139853
Departure,4.009353572447968
Departure,4.013983194512058
Departure,4.028452977642915
Departure,4.076715998386651
Departure,4.087450110066209
Departure,4.11017354513229
Departure,4.118630378588767
Departure,4.121770261124261
Departure,4.125740410419857
Departure,4.133804624711763
Departure,4.135530627549257
Departure,4.138669653813027
Departure,4.14136429195423
Departure,4.145383680136633
Departure,4.148130887984515
Departure,4.160168845632564
Departure,4.164804315450072
Departure,4.201499422789507
Departure,4.220681371464424
Departure,4.224591891667622
Departure,4.246278504074425
Departure,4.247598896892195
Departure,4.252539040347143
Departure,4.273570213397679
Departure,4.278203380526432
Departure,4.319030315937384
Departure,4.33220396006579
Departure,4.342345506376366
Departure,4.3499209797265435
Departure,4.362589227890211
Departure,4.410690003532174
Departure,4.4598144666067405
Departure,4.465485658863489
Departure,4.498572305112569
Departure,4.501406632237525
Departure,4.515356568275856
Departure,4.51965286480905
Departure,4.5217955540658865
Departure,4.526811403623603
Departure,4.532473933270274
Departure,4.5353387245428465
Departure,4.540085246628385
Departure,4.542314765726989
Departure,4.550698251410656
Departure,4.561163854043477
Departure,4.562836700901262
Departure,4.567072506727754
Departure,4.588124847839566
Departure,4.617438079134371
Departure,4.620645818515444
Departure,4.622876400711807
Departure,4.6309284897306755
Departure,4.642199066200109
Departure,4.675455097557153
Departure,4.697864856009347
Departure,4.7037817886375475
Departure,4.709200920719265
Departure,4.709725203852219
Departure,4.733379784970704
Departure,4.7339983003820265
Departure,4.741636812575399
Departure,4.74818115787132
Departure,4.755374545486563
Departure,4.766837268025299
Departure,4.770055829700561
Departure,4.777836663247302
Departure,4.785339485083555
Departure,4.7980169710712905
Departure,4.83288369026614
Departure,4.844246017076366
Departure,4.857560733876061
Departure,4.8593573026488555
Departure,4.888111428514873
Departure,4.8978923082270285
Departure,4.938459318656039
Departure,4.943005814803137
Departure,4.946856559390345
Departure,4.9485730065764475
Departure,4.951404365297769
Departure,4.954431116619268
Departure,4.955598258931807
Departure,4.974780371484593
Departure,4.982157305644277
Departure,4.983740233299268
Departure,4.99367814167782
Departure,5.008234818442496
Departure,5.023620720340816
Departure,5.030712783189077
Departure,5.040754671526435
Departure,5.053281768153449
Departure,5.065546423487722
Departure,5.090236676080002
Departure,5.09310567880684
Departure,5.104718405461689
Departure,5.1091463045149945
Departure,5.11254175917764
Departure,5.122077643778709
Departure,5.1347596444343715
Departure,5.151252675332317
Departure,5.1559838423740105
Departure,5.156529842496411
Departure,5.176186362679998
Departure,5.186606817309863
Departure,5.2045095138350215
Departure,5.206378925795387
Departure,5.271797347936074
Departure,5.2759223542827405
Departure,5.2801311437814595
Departure,5.2824102625641975
Departure,5.299492744169551
Departure,5.304842937496402
Departure,5.337442512577493
Departure,5.365927268734796
Departure,5.3778647620096445
Departure,5.391721991715778
Departure,5.408306489114144
Departure,5.408858906560799
Departure,5.411146033176961
Departure,5.451016183686688
Departure,5.461635354166744
Departure,5.477759358204969
Departure,5.494532680672791
Departure,5.499604000168409
Departure,5.502655564876214
Departure,5.531694504809684
Departure,5.533732254507509
Departure,5.536631682395158
Departure,5.547516097269881
Departure,5.566262810825349
Departure,5.574128117811257
Departure,5.5767576414097215
Departure,5.585699963384888
Departure,5.625426287651766
Departure,5.628459340028595
Departure,5.631914108457487
Departure,5.635971050249485
Departure,5.642304128018698
Departure,5.651948394218569
Departure,5.654957482593582
Departure,5.660206349815906
Departure,5.7024170535180385
Departure,5.713103111995325
Departure,5.723023691665442
Departure,5.729326501358994
Departure,5.755158755106119
Departure,5.774317424658127
Departure,5.819139920454276
Departure,5.823543472407064
Departure,5.827724813653109
Departure,5.852678332315964
Departure,5.878466246943719
Departure,5.905232882378545
Departure,5.930191147282705
Departure,5.932601190811731
Departure,5.962970451804456
Departure,5.96852352090674
Departure,5.996362648722781
Departure,6.045597831697554
Departure,6.049595734870449
Departure,6.106369120873598
Departure,6.1289706093432725
Departure,6.130851900308952
Departure,6.153048033196858
Departure,6.1552151186068365
Departure,6.187245342088818
Departure,6.1921913726973985
Departure,6.208030320271391
Departure,6.2463565208409255
Departure,6.247782176707308
Departure,6.257668153625584
Departure,6.266103131990247
Departure,6.270050632698134
Departure,6.289527313621272
Departure,6.306465099937676
Departure,6.309435236561343
Departure,6.346087618437961
Departure,6.353824086463461
Departure,6.360734214682295
Departure,6.378190382581278
Departure,6.385973675614652
Departure,6.400401841324778
Departure,6.411267786278524
Departure,6.432084848405901
Departure,6.479746565218827
Departure,6.483839779751866
Departure,6.510434541481598
Departure,6.524135345200393
Departure,6.538509772439925
Departure,6.569692642871559
Departure,6.583456417505493
Departure,6.5914958372766375
Departure,6.607016374711613
Departure,6.634154954339206
Departure,6.680333861027188
Departure,6.697762195357974
Departure,6.698898832445969
Departure,6.703029332604076
Departure,6.717914845902743
Departure,6.728747840461497
Departure,6.739741967664165
Departure,6.761938768143986
Departure,6.76730519419746
Departure,6.773623297473982
Departure,6.781387361335378
Departure,6.806316228828086
Departure,6.815686817215066
Departure,6.835412045067546
Departure,6.852041464656023
Departure,6.8631075747734425
Departure,6.896264179181235
Departure,6.9184809846453525
Departure,6.922388771570244
Departure,6.935115329536595
Departure,6.93889989341319
Departure,6.954407050876861
Departure,6.955183921562457
Departure,6.957749994799995
Departure,6.971441715915898
Departure,6.986773690811759
Departure,6.98729999163181
Departure,7.005481284390866
Departure,7.03222816787283
Departure,7.0329280743552856
Departure,7.033891546440051
Departure,7.052365915926959
Departure,7.093719962098665
Departure,7.098528790790083
Departure,7.109502600320794
Departure,7.110943897908165
Departure,7.110993198240368
Departure,7.125494021375625
Departure,7.1640216034639606
Departure,7.170441015705831
Departure,7.17396075368356
Departure,7.188341465789246
Departure,7.188546367925025
Departure,7.198420306628624
Departure,7.205031872303968
Departure,7.2050912195004795
Departure,7.2075701293859105
Departure,7.209628155590955
Departure,7.2153952819433425
Departure,7.225967615756194
Departure,7.243503016090745
Departure,7.264137590012397
Departure,7.264415714356253
Departure,7.281654046910755
Departure,7.284530262878517
Departure,7.292955206622522
Departure,7.296839943969632
Departure,7.305043868392992
Departure,7.320939281166551
Departure,7.3488397326708945
Departure,7.360569356006692
Departure,7.367041048345229
Departure,7.391626206748711
Departure,7.42017497661285
Departure,7.422984399416998
Departure,7.430386664259852
Departure,7.4314993199309
Departure,7.431732846870746
Departure,7.472513606423069
Departure,7.486672325125352
Departure,7.490378927971471
Departure,7.526009517811146
Departure,7.541603881113082
Departure,7.55553585916796
Departure,7.561468118771159
Departure,7.625966569904929
Departure,7.632818132548243
Departure,7.642452470665888
Departure,7.648842190860803
Departure,7.651355729307194
Departure,7.666224110602565
Departure,7.6815860074767865
Departure,7.684388687280291
Departure,7.685262281024624
Departure,7.694110860326679
Departure,7.69697563057251
Departure,7.699766746467184
Departure,7.707768069792935
Departure,7.712554944797752
Departure,7.729373773329649
Departure,7.761064954642817
Departure,7.763679033641974
Departure,7.7653616989346
Departure,7.774914725233226
Departure,7.786144830630186
Departure,7.78736447632774
Departure,7.812144989753108
Departure,7.813913182648652
Departure,7.825062078709225
Departure,7.830528885750279
Departure,7.834774712573385
Departure,7.835339414084671
Departure,7.8370414625623335
Departure,7.838797642219902
Departure,7.841043728975626
Departure,7.865322056672728
Departure,7.910863948020056
Departure,7.915389924209743
Departure,7.9241967147391295
Departure,7.933745006005328
Departure,7.936747401059694
Departure,7.95466709615838
Departure,7.965828202453994
Departure,7.991736255426954
Departure,8.01566877079978
Departure,8.032999673912881
Departure,8.034049172719252
Departure,8.040012582601898
Departure,8.053550647458113
Departure,8.070558775074376
Departure,8.089672911382772
Departure,8.101317975498944
Departure,8.101912603150751
Departure,8.119612190398547
Departure,8.127903657453935
Departure,8.145760289870267
Departure,8.146211336655703
Departure,8.15632061888133
Departure,8.16515325938967
Departure,8.179544902219774
Departure,8.179688806729105
Departure,8.182587937305975
Departure,8.191428895702394
Departure,8.197959004495901
Departure,8.198103673027353
Departure,8.213001749371076
Departure,8.214486781220312
Departure,8.223879084901823
Departure,8.240431017464891
Departure,8.247544285059147
Departure,8.249019852541196
Departure,8.26110753760428
Departure,8.293003468089013
Departure,8.299686594306003
Departure,8.313945898257
Departure,8.323316959228643
Departure,8.344221214729515
Departure,8.34676997003869
Departure,8.350997331174524
Departure,8.360906872741147
Departure,8.377579569964512
Departure,8.383849317790208
Departure,8.39266738042195
Departure,8.395287286830971
Departure,8.410270070585959
Departure,8.430378518156514
Departure,8.43303806541968
Departure,8.438028831358183
Departure,8.448666779038408
Departure,8.462818412307053
Departure,8.463772108702717
Departure,8.467698727329632
Departure,8.477705232346308
Departure,8.49449763357358
Departure,8.49611198110142
Departure,8.502583978161011
Departure,8.53687799325108
Departure,8.570797775901777
Departure,8.575525190211557
Departure,8.578322316672608
Departure,8.579419295870919
Departure,8.58500715549419
Departure,8.610706391788124
Departure,8.612538455903197
Departure,8.619850696701407
Departure,8.636795658207033
Departure,8.63738130566221
Departure,8.637405231080697
Departure,8.66038218523548
Departure,8.660735682167724
Departure,8.663375225273384
Departure,8.672680450812683
Departure,8.689073860460477
Departure,8.689212171485224
Departure,8.72565362822505
Departure,8.733063370882348
Departure,8.734535058390506
Departure,8.739638353067535
Departure,8.74607460515613
Departure,8.746950541341329
Departure,8.763426712136233
Departure,8.76364790716836
Departure,8.773990622159001
Departure,8.791272718664912
Departure,8.815160561640255
Departure,8.829117144284645
Departure,8.833916869899575
Departure,8.83785907461616
Departure,8.844490644177542
Departure,8.844961281863464
Departure,8.862471016085152
Departure,8.880527494724769
Departure,8.882910584765662
Departure,8.891042812460798
Departure,8.91010942033623
Departure,8.911997739970875
Departure,8.915092984205325
Departure,8.919184629456446
Departure,8.930923002412538
Departure,8.99335710701528
Departure,9.010428872269957
Departure,9.025276969952774
Departure,9.056908611130774
Departure,9.064047195340152
Departure,9.067928278161112
Departure,9.091302780090457
Departure,9.106389731662867
Departure,9.122231348914193
Departure,9.14895378574177
Departure,9.155622094645839
Departure,9.170025852282835
Departure,9.177758577635604
Departure,9.190526967828578
Departure,9.2026059312268
Departure,9.239868128455942
Departure,9.241138131761632
Departure,9.245077407864244
Departure,9.248153273031575
Departure,9.255673690635309
Departure,9.262966103895533
Departure,9.26707690248229
Departure,9.275682377499567
Departure,9.29233949766118
Departure,9.300878359592591
Departure,9.307735501641066
Departure,9.31098963607525
Departure,9.324423900803254
Departure,9.32812007713845
Departure,9.330653535890399
Departure,9.333886810624403
Departure,9.336766184260478
Departure,9.367525294520085
Departure,9.370258678836484
Departure,9.390024271564215
Departure,9.393573198322713
Departure,9.41965743364701
Departure,9.43016421351735
Departure,9.44511572210891
Departure,9.460223994027988
Departure,9.469244336152483
Departure,9.472119511498757
Departure,9.474820484409216
Departure,9.47800958379821
Departure,9.48152635271164
Departure,9.489414609273634
Departure,9.505905462487988
Departure,9.522165392114655
Departure,9.534417966813624
Departure,9.538793210694795
Departure,9.539462492980771
Departure,9.55048665040348
Departure,9.552283717543503
Departure,9.558830931615491
Departure,9.590764647238144
Departure,9.601018626338112
Departure,9.611751337089206
Departure,9.637034225395842
Departure,9.642220277951239
Departure,9.646644807915596
Departure,9.684504255205576
Departure,9.696205552435268
Departure,9.719528764057321
Departure,9.72662668175407
Departure,9.728254020453551
Departure,9.830893648764787
Departure,9.856874010120183
Departure,9.86330848871367
Departure,9.863747375840651
Departure,9.867493161679254
Departure,9.885854350615038
Departure,9.891794755372835
Departure,9.925774107805763
Departure,9.926939699448678
Departure,9.937948712651261
Departure,9.939893455616469
Departure,9.940811859159458
Departure,9.960356787330891
Departure,9.985993768241245
Departure,9.987802545060635
Departure,9.990576876379123
Departure,10.002425411627588
Departure,10.015394041839201
Departure,10.020733673837494
Departure,10.044321652418976
Departure,10.0481013471076
Departure,10.065470295263454
Departure,10.072373948765069
Departure,10.076679663669195
Departure,10.08098357978137
Departure,10.081569437457675
Departure,10.09585964117446
Departure,10.103006215262885
Departure,10.117973176609377
Departure,10.125069364851942
Departure,10.136554731206376
Departure,10.161187897316395
Departure,10.177328116902643
Departure,10.194629560673873
Departure,10.20479770007383
Departure,10.234864686616675
Departure,10.26801889774858
Departure,10.288498757870293
Departure,10.290430072042348
Departure,10.300886429927974
Departure,10.345103290471759
Departure,10.381044577779827
Departure,10.394645338881604
Departure,10.408346260155419
Departure,10.432891266346688
Departure,10.435795264421907
Departure,10.44205576656094
Departure,10.459832920167397
Departure,10.485643328548104
Departure,10.485779953903611
Departure,10.493227889712504
Departure,10.499156954595357
Departure,10.503900472924851
Departure,10.509718157750878
Departure,10.52021711740646
Departure,10.533556739747384
Departure,10.558269527671838
Departure,10.60757665637013
Departure,10.621391186425802
Departure,10.634700010125231
Departure,10.640794851266756
Departure,10.656303850239327
Departure,10.696539038012173
Departure,10.707068050587315
Departure,10.708463353884682
Departure,10.710294165569149
Departure,10.722296382089052
Departure,10.728935252958186
Departure,10.730644174666729
Departure,10.73919745276359
Departure,10.754040954279139
Departure,10.759768367303321
Departure,10.769139729935068
Departure,10.771178957744546
Departure,10.793186377188988
Departure,10.81563946096437
Departure,10.860802672729303
Departure,10.861651280920565
Departure,10.867134156331794
Departure,10.874861463023098
Departure,10.888205897592687
Departure,10.901377777198821
Departure,10.934390325959678
Departure,10.956105126755842
Departure,10.966153586252194
Departure,10.976929655074104
Departure,10.992930185038858
Departure,11.036630882675505
Departure,11.054749572241537
Departure,11.0622037762527
Departure,11.094004593651373
Departure,11.09422995870044
Departure,11.099276922323325
Departure,11.110460186777123
Departure,11.12235703781179
Departure,11.168167084967044
Departure,11.198507499424844
Departure,11.203543306669312
Departure,11.211002847355791
Departure,11.230125262103194
Departure,11.238604247639234
Departure,11.23967431022632
Departure,11.243074983221819
Departure,11.246471010437856
Departure,11.249107969770144
Departure,11.272647661453318
Departure,11.312393759252695
Departure,11.332965202210989
Departure,11.361193926821635
Departure,11.371263259729796
Departure,11.373864411925943
Departure,11.379362396694962
Departure,11.38646561014316
Departure,11.391308291753472
Departure,11.39469599757938
Departure,11.398188197146315
Departure,11.424253063447699
Departure,11.432983996572874
Departure,11.443131812559347
Departure,11.518627627584406
Departure,11.523224029824503
Departure,11.540636203716904
Departure,11.56510332052584
Departure,11.578074036836178
Departure,11.614225222637703
Departure,11.622929762870468
Departure,11.637022800429998
Departure,11.67709968263885
Departure,11.678550437726889
Departure,11.680805315030494
Departure,11.683309372258416
Departure,11.686509922803745
Departure,11.711157377843088
Departure,11.711928234065953
Departure,11.717274568220196
Departure,11.72283079314734
Departure,11.72296235929014
Departure,11.762650633908262
Departure,11.783375717270633
Departure,11.802061788490578
Departure,11.804412254617288
Departure,11.831089367129906
Departure,11.84206115068636
Departure,11.844971893419403
Departure,11.848958089092687
Departure,11.855108082317939
Departure,11.857930067643284
Departure,11.906359686771076
Departure,11.921026453992166
Departure,11.922124313957909
Departure,11.926056596787095
Departure,11.93258950421293
Departure,11.933831673885757
Departure,11.942641009593215
Departure,11.94848156516726
Departure,11.969780097948792
Departure,11.9884814114278
Departure,12.021564891776892
Departure,12.056036325568634
Departure,12.058286808712921
Departure,12.064215486075533
Departure,12.070726215919617
Departure,12.097175257995207
Departure,12.118869741436038
Departure,12.149547347544765
Departure,12.160430287056991
Departure,12.167008255094165
Departure,12.17479694023758
Departure,12.176840864317759
Departure,12.184688770280225
Departure,12.185597820525077
Departure,12.200364554792436
Departure,12.202497175458355
Departure,12.208417919976547
Departure,12.260280347701464
Departure,12.273059296831146
Departure,12.283782824914084
Departure,12.292473156119973
Departure,12.29350087815112
Departure,12.30553547653731
Departure,12.307304922555426
Departure,12.327575915605042
Departure,12.351344246691932
Departure,12.355998928574046
Departure,12.365311515783054
Departure,12.387755833382226
Departure,12.38863579689634
Departure,12.404503210214642
Departure,12.42492663796956
Departure,12.438637717283385
Departure,12.464582572807343
Departure,12.505650781445832
Departure,12.529777882973965
Departure,12.53673896011306
Departure,12.548681649427252
Departure,12.568457686744797
Departure,12.580399893767671
Departure,12.580937293435857
Departure,12.583837546610825
Departure,12.591645949559785
Departure,12.614963111865455
Departure,12.627360875903982
Departure,12.628919098123756
Departure,12.629835463272684
Departure,12.637583747580067
Departure,12.689839664975725
Departure,12.697820977633821
Departure,12.705957918830835
Departure,12.721288214201802
Departure,12.726856321803545
Departure,12.756711549367209
Departure,12.77043344199116
Departure,12.783015212098713
Departure,12.785613310485992
Departure,12.786329844999743
Departure,12.790209850798345
Departure,12.792181278828952
Departure,12.794700808445398
Departure,12.804856208163152
Departure,12.80580940492989
Departure,12.807306621751469
Departure,12.819840954853344
Departure,12.832564689710702
Departure,12.838933367515063
Departure,12.875716748115053
Departure,12.900808577046167
Departure,12.902375702342372
Departure,12.910903932481254
Departure,12.948975035748006
Departure,12.957914020983926
Departure,13.00926067918548
Departure,13.029245872485243
Departure,13.030071611179237
Departure,13.04069343401368
Departure,13.066787379735977
Observer,0.0003320549490396799
Observer,0.0005231161662226312
Observer,0.00017476391773182275
Observer,0.0013771394876127595
Observer,0.0017156206559163641
Observer,0.0003575077609769459
Observer,0.002090882112897261
Observer,0.0026880705826221292
Observer,0.0006761563135874894
Observer,0.00037630276240133967
Observer,0.008022395550461019
Observer,0.00871085051605615
Observer,0.0017540737427433053
Observer,0.0009435528069073354
Observer,0.00214708311122088
Observer,0.0007982926188934667
Observer,0.002923497859493713
Observer,0.005351214507384191
Observer,0.0027033356206807337
Observer,0.0001403424292172015
Observer,0.0033698659267321317
Observer,0.0007872842793300547
Observer,0.004696674886565958
Observer,0.0019424141118629422
Observer,0.00177358129438111
Observer,5.6771841135875546e-05
Observer,0.002143736581892256
Observer,0.0024381808171793015
Observer,0.00038361650233293554
Observer,0.002387383901177362
Observer,0.005305795591351321
Observer,0.000782999658437684
Observer,0.00017567245524297226
Observer,0.0030139323758042757
Observer,0.0003340091704784173
Observer,0.006081769049982169
Observer,0.0011179379261132545
Observer,0.005332712598824588
Observer,0.001640435781632507
Observer,0.0005843354612798864
Observer,0.0012790061037941658
Observer,0.00765828996254611
Observer,0.00026317490533750784
Observer,0.00882937727754663
Observer,0.001980244350566615
Observer,0.003722006767895043
Observer,0.00378435050736013
Observer,0.004133753736068462
Observer,0.0023825383478574044
Observer,0.0009006080661542353
Observer,0.00022907558496551027
Observer,0.002609393174537116
Observer,0.005253653629203308
Observer,0.0019933259627599553
Observer,0.0009413570538807363
Observer,0.004613332805242726
Observer,0.00022447631296386417
Observer,0.0016176348056949393
Observer,0.0014395743967621877
Observer,0.000427474189268903
Observer,0.00013040674839094664
Observer,0.0025315117288168204
Observer,0.0007198063384959264
Observer,0.0024757302718820726
Observer,0.004462233291173923
Observer,0.004730860272535547
Observer,7.150447997412707e-05
Observer,0.00017119135172715888
Observer,0.002661583782876985
Observer,0.005636411382731427
Observer,0.0043847852081051325
Observer,0.0029309595612573873
Observer,0.0012836103186287643
Observer,0.003129429439858771
Observer,0.0012309583423877897
Observer,0.0014341462233620208
Observer,0.0007218914015927471
Observer,0.0011361646528351727
Observer,0.0005249482996174249
Observer,0.001756761380096977
Observer,0.004620991463892426
Observer,0.003020957725202478
Observer,0.004822180088094836
Observer,0.0011469476635865786
Observer,0.016262329040550666
Observer,0.008093724772334665
Observer,0.006984494428454563
Observer,0.0032201440996103355
Observer,0.001136175799868967
Observer,0.0010707462377221528
Observer,0.004505408620142425
Observer,0.0018549228654242144
Observer,0.0006569450273332543
Observer,0.0037221611080679685
Observer,0.002703150537420514
Observer,0.006302600664276601
Observer,0.006381074121358441
Observer,0.006428258564470517
Observer,0.0005334956484492549
Observer,0.0022551039495656016
Observer,0.0016651792932845912
Observer,0.005603072067624457
Observer,0.0023986254930929117
Observer,0.00011461266185172338
Observer,0.0010057147331528021
Observer,0.0007721413442862784
Observer,0.0019393637723186985
Observer,0.0007591412044136173
Observer,0.0018314395098684762
Observer,0.007276102731081386
Observer,0.002815769345493732
Observer,0.003281452035484414
Observer,0.0010081189592897352
Observer,0.0015671225867344516
Observer,0.005198888247571536
Observer,0.0006397868839334101
Observer,0.006267460729279058
Observer,0.0004681923185693174
Observer,0.010399352812224255
Observer,0.0022569036192251176
Observer,0.0074443012966265995
Observer,0.00014563346431190768
Observer,0.0026762055462749654
Observer,0.001458127379271027
Observer,0.002504499016234568
Observer,0.0004271258437843604
Observer,0.002013684548701302
Observer,0.006152766422688748
Observer,0.0013974334168395395
Observer,0.0002632164146598788
Observer,0.0007907323660902097
Observer,0.0011798648639736234
Observer,0.00019613701701600445
Observer,0.00040229707720544
Observer,0.0029888449294959984
Observer,0.003530426913001227
Observer,0.0032226637900685143
Observer,0.0016869201737801218
Observer,0.00231040713872421
Observer,0.0011615103335985185
Observer,0.002743874950197523
Observer,0.0036266699151986685
Observer,0.005303407059052004
Observer,0.00370813283044892
Observer,0.001196143724090978
Observer,0.0010192676984055265
Observer,0.00410218671401281
Observer,0.0012414238579590094
Observer,0.007472181229197756
Observer,0.0036678921888906074
Observer,0.0002516458007719796
Observer,0.000508103276393008
Observer,0.004825687867202387
Observer,0.0010183764294986592
Observer,0.002710285838384976
Observer,0.00022920167543412958
Observer,0.0008556898610873607
Observer,0.0007503789741067973
Observer,0.002781845081304595
Observer,0.00022563080822828247
Observer,0.0014792664667191546
Observer,0.0009382663679717359
Observer,0.004450744242117279
Observer,0.0020874826553286025
Observer,0.001999338425027091
Observer,0.003636906976152541
Observer,0.0016529704620432582
Observer,0.00023849884843987992
Observer,0.0012310729104750575
Observer,0.0008462520239095208
Observer,0.007697452167286925
Observer,0.005208151128389832
Observer,0.0015448748791868892
Observer,0.0024124353483235723
Observer,0.005362343487504733
Observer,8.071166356635604e-05
Observer,0.00044068858240871203
Observer,5.623190323438672e-05
Observer,0.0035463335031426873
Observer,0.001878706164010872
Observer,0.00024395993868638288
Observer,0.00024516594835743283
Observer,0.007778516602601008
Observer,0.003025453366107179
Observer,0.005394770803411422
Observer,0.0009273815808232874
Observer,0.0027914421055368266
Observer,0.0026330083842365697
Observer,0.0006997804365121429
Observer,0.0008538644840709544
Observer,0.005309444895608592
Observer,0.00043632486064149414
Observer,0.0004912770373212146
Observer,0.004776005192312003
Observer,0.0007412381066323036
Observer,0.00019120698478551694
Observer,0.0016779119648057833
Observer,0.00018350677204164456
Observer,0.0002384480250853302
Observer,0.0008895360036398134
Observer,0.0009644796839999754
Observer,0.00036934652636578044
Observer,0.0017969954190977223
Observer,0.0006496016331416006
Observer,0.003535405771373862
Observer,0.0002073656687609608
Observer,0.0063376448652657374
Observer,0.010769141877191756
Observer,0.00020331828567091568
Observer,0.0008306701980709454
Observer,0.00040311990505259376
Observer,0.004435545795520181
Observer,0.0019201743473446198
Observer,0.0036455611052921594
Observer,0.0012492724215256708
Observer,0.00020095442511336399
Observer,0.0059951422240962
Observer,0.0002977556660803244
Observer,0.0022060692858822646
Observer,0.009263511229187641
Observer,0.0020745011304131866
Observer,0.005373088245410964
Observer,0.0010743618433883809
Observer,0.00301812315964804
Observer,0.002088510297601583
Observer,0.0019253483003372977
Observer,7.54829106987286e-05
Observer,0.004758356849930693
Observer,0.002554307682007219
Observer,0.006098578395731814
Observer,0.004608560395204338
Observer,0.00468930277009865
Observer,0.0022022272945315616
Observer,0.00045580789956875273
Observer,0.005546113722812878
Observer,0.00013195071394780773
Observer,0.00013687450936848778
Observer,0.005438746388367411
Observer,0.0025089931930369087
Observer,0.002740649254279959
Observer,0.0003028199501503622
Observer,0.0019381238170407295
Observer,0.0030851442891086014
Observer,0.0012632281200463955
Observer,0.0004001099881474638
Observer,0.0035963339523360305
Observer,0.003037880026365002
Observer,0.0019148236681501714
Observer,0.0011296851895474392
Observer,0.0017501630562748267
Observer,0.0023720768954180998
Observer,0.00024274299233568552
Observer,0.0018171807631121644
Observer,0.00023273056853231032
Observer,0.0031641793432972036
Observer,0.002270978573691463
Observer,0.00033558460705414577
Observer,0.00045947191192317617
Observer,0.001624535593687277
Observer,0.007581438106063109
Observer,0.002836510684743002
Observer,0.004495600259534366
Observer,0.004498566738684697
Observer,0.0033823313470392837
Observer,0.004210366239570051
Observer,0.0035347636141607073
Observer,0.004633215311560683
Observer,0.0018843793414797735
Observer,0.0011095635704775667
Observer,0.0001762352169328594
Observer,0.001228873713811847
Observer,0.0009222402599336147
Observer,0.00239729106504721
Observer,0.00029443986697279284
Observer,0.0008022624952527643
Observer,4.8034831004819395e-05
Observer,0.0008434821891247323
Observer,0.005179932229945494
Observer,0.0038684365227893177
Observer,0.00549616955201349
Observer,0.0003076664947485958
Observer,0.004477410099777951
Observer,0.0014941704195273612
Observer,0.00242288876541721
Observer,0.00623897428536994
Observer,0.0008861622221973107
Observer,0.002481871846998356
Observer,0.0008614084620052923
Observer,0.0003641672026918501
Observer,0.002558769955415529
Observer,0.0011269371130623962
Observer,0.0002486964127943528
Observer,0.0010674703323584626
Observer,0.003650652649784791
Observer,0.0017544578108207919
Observer,0.0022158732483106656
Observer,0.006527871612686913
Observer,0.0021905682571148923
Observer,0.000570413678944293
Observer,0.0007092572821395706
Observer,0.0002987053785512405
Observer,0.0014425826483776296
Observer,0.00036984417210794707
Observer,0.0015085030096877775
Observer,0.0013903569470291289
Observer,0.0034524201500651243
Observer,0.00023321263089018789
Observer,0.0008559160972670374
Observer,0.0007295283502171379
Observer,0.0005271532806689478
Observer,0.005365074279157247
Observer,0.001866457910526499
Observer,0.004326422429116383
Observer,0.0015191882682298523
Observer,0.0033856637981661496
Observer,0.00284626656847226
Observer,0.0034065703942979713
Observer,0.0002462399184923764
Observer,0.0003532923403839807
Observer,0.00042583949678055296
Observer,0.001647067880701124
Observer,0.0005744891756109854
Observer,1.4843851885047582e-05
Observer,0.004260689703477572
Observer,0.007304252644010095
Observer,0.002934350664347792
Observer,0.00015599279743635272
Observer,0.002029165698778673
Observer,0.0002544736468278099
Observer,0.0049617723807193655
Observer,0.01786847189830787
Observer,0.0007884761435622038
Observer,0.0008545920913282057
Observer,0.0015111496779357946
Observer,0.00479492320346611
Observer,0.0034579764377775097
Observer,0.0008309849176918804
Observer,0.010658773577582261
Observer,0.00022622887122305407
Observer,0.0031967150062346826
Observer,0.004557486730498042
Observer,0.00018706782810759803
Observer,0.002776027189545775
Observer,0.0033087948406040823
Observer,0.006160913727231991
Observer,0.009707090724351709
Observer,0.0012717867114301433
Observer,0.0028891931835223887
Observer,0.0017504880470878847
Observer,0.0002579633859471856
Observer,0.0033822386754218557
Observer,0.0030659232522154676
Observer,0.0011986177584709862
Observer,0.0028756295730355207
Observer,0.002270710164602987
Observer,0.0017571281680341354
Observer,0.0004934836007530116
Observer,0.0008026897253032789
Observer,0.0010176540159457493
Observer,0.005301447929272931
Observer,0.004956267077498983
Observer,0.0019151806586317896
Observer,0.0013574198310319983
Observer,0.003210006705024011
Observer,0.006450045380675503
Observer,0.0037568767760580305
Observer,0.0029473862587069714
Observer,0.00011729426946280848
Observer,0.0018665847321005246
Observer,0.0038425396460127796
Observer,0.004271307832184327
Observer,0.0015603065786512597
Observer,0.006284706001957507
Observer,0.005943957130968777
Observer,0.004239215152482472
Observer,0.0008475261448528588
Observer,0.010477514391141108
Observer,0.0025901949529164164
Observer,0.008505323032118515
Observer,0.003880191416370063
Observer,0.00011301559073445375
Observer,0.0037192583186033685
Observer,0.003658556501407051
Observer,0.006464503304974705
Observer,0.00027075111782226015
Observer,0.0014482009952262317
Observer,0.01186443217106388
Observer,0.004624525451569263
Observer,0.0019663876798784842
Observer,0.0008956595149785123
Observer,0.004473598126124879
Observer,0.002313700082859898
Observer,0.006621835857154334
Observer,0.0012490977812673549
Observer,0.004329920165534767
Observer,0.0006311553792399568
Observer,0.0010331664686831755
Observer,0.0025748874295924906
Observer,0.0009758671735324101
Observer,0.00035865035242181934
Observer,0.004826806687815414
Observer,0.007010176846495655
Observer,0.0005391799789513284
Observer,0.0032268386232793874
Observer,0.01123102806942939
Observer,0.0029531299556858136
Observer,0.0019692517895396875
Observer,0.0025830390998090305
Observer,0.0011050949830413296
Observer,0.001625313985118125
Observer,0.0009593360628345953
Observer,0.001961935322631992
Observer,0.00364415400899675
Observer,0.0017477951718689287
Observer,2.4969069113432263e-05
Observer,0.0005896456479177497
Observer,0.00013228168688533942
Observer,0.000753477550969942
Observer,0.0033987286929506983
Observer,0.0007484377573881208
Observer,0.0009524800562527375
Observer,0.005963751569777223
Observer,0.0006554158662983708
Observer,0.0005649489855639818
Observer,0.0006300114016850105
Observer,0.01147510617630101
Observer,0.0029031800412732916
Observer,0.0007379685622792695
Observer,3.836816331039412e-05
Observer,0.011335817908310316
Observer,0.002813266356568174
Observer,0.00030114641034044074
Observer,0.003007821105035611
Observer,0.004539251321763303
Observer,0.004357428483191037
Observer,0.009157207251211276
Observer,0.0016282828437992223
Observer,0.0019552098594472983
Observer,0.002629265886222185
Observer,0.0008835895199376324
Observer,0.0024709488177639804
Observer,0.00358266749869482
Observer,0.00035262479542429246
Observer,0.0036338255782138204
Observer,0.0009816633399633433
Observer,0.003068151188028101
Observer,0.007111197508921698
Observer,0.0011996926554323707
Observer,0.0041107257528619975
Observer,0.006562810069088183
Observer,0.002066337755365562
Observer,0.00018399382184994338
Observer,0.0006219469597489886
Observer,0.00017655493725839765
Observer,0.002766261354550217
Observer,0.002779635851096231
Observer,0.0017656661793706784
Observer,0.00011758062920253283
Observer,0.001209533688170839
Observer,0.0001266741244172852
Observer,0.0048050318020317565
Observer,0.00463402401602589
Observer,0.0018657919684632361
Observer,0.0017497627256254581
Observer,0.00043076978430161195
Observer,0.010361810525083167
Observer,0.001532164223950646
Observer,0.003518284659027105
Observer,0.0009068699939650738
Observer,0.004252146065158567
Observer,0.00048292860888221053
Observer,0.0002093070473007717
Observer,0.015081169670486677
Observer,0.001932937591333453
Observer,0.0053372655505058795
Observer,0.0017868837863319418
Observer,0.0010767469417843677
Observer,0.008156371266117941
Observer,0.0011978469758833004
Observer,0.002277704400508122
Observer,0.0008094703022276232
Observer,0.003388694574246971
Observer,0.0062523019721072385
Observer,0.0030227430670944407
Observer,4.2128976320992714e-05
Observer,0.0038508745703810495
Observer,0.0005853201106371308
Observer,0.0003731196493441195
Observer,0.00011326096045958142
Observer,0.0016345922922690523
Observer,7.039656805587473e-05
Observer,0.005268158907886143
Observer,0.006502875171643852
Observer,0.0017875184776017954
Observer,0.006913444781941717
Observer,0.002613678912585932
Observer,0.0040765350801081485
Observer,0.0009313806998437264
Observer,0.003354811474147793
Observer,0.0015035163659654078
Observer,0.0016561809775458563
Observer,0.0023122493270078003
Observer,0.0030485528155458894
Observer,0.0015401262642960726
Observer,0.0005337393888849401
Observer,0.0006394760114000129
Observer,0.0006401382458185215
Observer,0.001624094816314213
Observer,0.002036503343340322
Observer,0.006139768405644125
Observer,6.965887663100467e-05
Observer,0.0011881298302931372
Observer,0.003675228605919002
Observer,0.00024969949977139336
Observer,0.0015367803488895086
Observer,0.0072319357141497455
Observer,0.01223949999490586
Observer,0.000297301390588242
Observer,0.001233582187233282
Observer,0.002351716981304233
Observer,0.00462981137373248
Observer,0.0011534427002522943
Observer,0.006465163156506204
Observer,0.00038749665588914327
Observer,0.00220255011112627
Observer,0.0022191253924069023
Observer,0.0003553558258793719
Observer,0.0006484932825148979
Observer,0.002820375570568037
Observer,0.0016639451510214235
Observer,0.00059390039243739
Observer,0.001763578679875698
Observer,0.00023764336337905057
Observer,0.0012126600617782845
Observer,0.0025596478756098506
Observer,0.00010433327024703838
Observer,0.002006511167067588
Observer,0.0012529858026569154
Observer,0.0047404647901659784
Observer,8.56999727294622e-05
Observer,0.006577863839507973
Observer,0.0016262265761029357
Observer,0.000798773968278302
Observer,0.0011154187013317498
Observer,0.003995438666000204
Observer,0.005822252285849621
Observer,0.010374302970531952
Observer,0.000557237526843743
Observer,0.010352593919574002
Observer,0.006202164478925915
Observer,0.005678196659015018
Observer,0.003909570897441025
Observer,0.002432384590372405
Observer,0.004586447000079184
Observer,0.004798307373893756
Observer,0.0016628844149182654
Observer,0.0027870044635068965
Observer,0.0037353598160749886
Observer,0.002726898561469901
Observer,0.0036220849075469597
Observer,0.00277399754731323
Observer,0.0015544494248950816
Observer,0.0004248440347589708
Observer,0.00014300676487241838
Observer,0.002252774642462891
Observer,0.0009709421220020348
Observer,0.0004544540880572607
Observer,0.002552660882672864
Observer,0.0017264791682735168
Observer,0.002277177178874283
Observer,0.0006337574226112653
Observer,0.000526242935915021
Observer,0.0008743640519751867
Observer,1.4261951282198206e-05
Observer,8.591329031422434e-05
Observer,0.0023018333309277232
Observer,0.01074320689113394
Observer,0.014019419129213114
Observer,0.0029479097209919977
Observer,0.0007134965121120053
Observer,0.0010068216477219988
Observer,0.00010511112129133698
Observer,0.00010798712204743132
Observer,0.001292014192630851
Observer,0.004586615155702833
Observer,0.0031912371434521625
Observer,0.0014652800704940928
Observer,0.0016754704925582109
Observer,1.555189871917853e-05
Observer,0.003373680723731841
Observer,0.003208439917152477
Observer,0.0053198161540695555
Observer,0.0042870156706565936
Observer,0.005308226889750057
Observer,6.21828810711749e-05
Observer,0.0012206824686856659
Observer,0.0037124612248252914
Observer,0.004368375600357368
Observer,0.0009744528147529872
Observer,0.010136824506293983
Observer,0.0010680513791569697
Observer,2.4086137897421e-05
Observer,0.005890932265072316
Observer,0.001360444577717234
Observer,0.0012988401626876133
Observer,0.0018223298862456237
Observer,0.005465854538836916
Observer,0.0019951266097157786
Observer,0.004745143389059613
Observer,0.0012857991539514761
Observer,0.004401409537207411
Observer,0.0039753093887892575
Observer,0.006645741376710495
Observer,0.0030651143553062318
Observer,0.004179337265647666
Observer,0.0038553572820751066
Observer,5.283480226310568e-05
Observer,0.004386113406002045
Observer,0.0022466484452846793
Observer,0.00031148015241788473
Observer,0.0002750075763623787
Observer,0.005943815706877834
Observer,0.005461689185161475
Observer,0.0036528478171240497
Observer,0.003761698863063902
Observer,0.0019522302236672634
Observer,0.001289683779190915
Observer,0.002744972176583068
Observer,0.00045187004370777996
Observer,4.080602450773972e-05
Observer,0.0018530784215048958
Observer,0.00016535180556852562
Observer,0.0012624869440895946
Observer,0.008239283582824008
Observer,0.0014659321816346917
Observer,0.0008772183271863424
Observer,0.0044458487305305576
Observer,0.005111909551517224
Observer,0.0022482978123959598
Observer,0.0002608350518885167
Observer,0.001603244176301049
Observer,0.0074481904649674755
Observer,0.0022936193326560973
Observer,0.0008790969923259535
Observer,0.001155560102940339
Observer,0.0012778960131249201
Observer,0.00429064855842805
Observer,0.009897662685856996
Observer,0.0028003828064308654
Observer,0.0004041653769555038
Observer,0.0010633143469800169
Observer,0.00023887652608553422
Observer,1.9572433366400877e-06
Observer,0.005199023186337904
Observer,0.0015594432509274771
Observer,0.0007302812035508393
Observer,0.0026176165042580057
Observer,0.004402537276489869
Observer,0.00011775400793033653
Observer,0.007252660909168764
Observer,0.008104694313760041
Observer,0.0012836837178907994
Observer,0.0006307111811116442
Observer,0.002290139716997131
Observer,0.004685198332047419
Observer,0.0014687113631364464
Observer,0.0022520811458583844
Observer,0.0013070608407553049
Observer,0.00011143900166725401
Observer,0.004036259164239642
Observer,0.0031884176393429378
Observer,0.005389951098819143
Observer,0.0022509370393254823
Observer,8.1073473346596e-05
Observer,0.0018317623615442392
Observer,3.3194923523865754e-05
Observer,0.002561809498329664
Observer,0.0045738217013747764
Observer,9.839614281844202e-05
Observer,5.709264308426881e-05
Observer,0.0016645805348872247
Observer,0.002746107264410999
Observer,0.004422344549362035
Observer,0.005183419226617807
Observer,0.00204932790822046
Observer,0.0015876914526929543
Observer,0.004952526790635665
Observer,0.0006223653047486498
Observer,0.004534197193134518
Observer,0.014055753743063195
Observer,0.000980838753263202
Observer,0.0008991188088168276
Observer,0.002261508694309933
Observer,0.0009214823991657572
Observer,0.0006904829459172781
Observer,0.0004490395450506396
Observer,0.0024308912639990723
Observer,0.0004891607074846415
Observer,0.0002895946361169223
Observer,0.00032414155905207217
Observer,0.0019241963919859315
Observer,0.0011270162927022077
Observer,0.004000063968358006
Observer,0.0007375757317948086
Observer,0.00048810033226709003
Observer,0.0028045373145926004
Observer,0.0008485361237463828
Observer,0.0036933843478897323
Observer,0.00028946935756517695
Observer,0.0013728718286116538
Observer,0.0018875402740451102
Observer,0.006930123666387508
Observer,0.002006399563329113
Observer,0.0009341045233785024
Observer,0.0023805103346956685
Observer,0.0008144510509806885
Observer,0.004182852009060238
Observer,0.0034128295929071206
Observer,4.965915623752272e-05
Observer,0.00468249407311436
Observer,0.004719637478290735
Observer,0.0005257157633745095
Observer,0.0008587798514657862
Observer,0.0031469786225548457
Observer,0.0066603591734383
Observer,0.00235063312818712
Observer,0.0008724158704467721
Observer,0.001584208246069104
Observer,0.001188933489793879
Observer,0.0011555396945098519
Observer,0.002433791595580953
Observer,5.709906745787462e-05
Observer,0.0015335639580330597
Observer,0.002391589382997147
Observer,0.0017067287937873505
Observer,0.008980415631590369
Observer,0.0011025487818971747
Observer,0.00019530720995531117
Observer,0.005312272956154317
Observer,0.00024615813122653453
Observer,9.988687796715419e-05
Observer,0.00023500197545563983
Observer,0.0018459255985585155
Observer,0.0009152803273284886
Observer,0.004618358103435327
Observer,0.0011670425538849777
Observer,0.0015122735925456228
Observer,0.00028689853938312476
Observer,0.009892585810190134
Observer,0.0009114557375063737
Observer,0.0008132891818046116
Observer,0.004275114260382463
Observer,0.0006481084214185742
Observer,0.005191824893890754
Observer,0.0018347822047593508
Observer,0.002646930344440304
Observer,0.0020851136213206594
Observer,0.0014714322844542967
Observer,0.008362539659467885
Observer,0.007165627210367615
Observer,9.490743828126422e-05
Observer,0.0035087879069247278
Observer,0.0005978330967897106
Observer,0.00012477047890496133
Observer,0.0019268409129995325
Observer,0.0017245166494925075
Observer,0.00014161465061850347
Observer,0.0030611491225035416
Observer,0.000258697340156589
Observer,0.0018370468943687975
Observer,0.00011298009286079461
Observer,0.01301006697335246
Observer,0.005386303226323638
Observer,0.0004800384265657345
Observer,0.0028597880777453573
Observer,0.0015248204864632584
Observer,0.004891818194745521
Observer,0.0019564224429861514
Observer,0.0023545369400479544
Observer,0.018565706408962546
Observer,0.0007720433896005779
Observer,0.00034779650222070555
Observer,0.007759217590487683
Observer,0.0016629177195453565
Observer,0.007930221275677886
Observer,0.0004886563645608696
Observer,0.0024842329768779703
Observer,0.006076370718179673
Observer,0.0014990231122636818
Observer,0.002314202312615245
Observer,0.00037893371099017735
Observer,0.004442997724688083
Observer,0.002487232284146437
Observer,0.005899306116508446
Observer,0.007370435750321654
Observer,0.00591333953315694
Observer,0.0004072113018132217
Observer,0.002920136039679377
Observer,0.0010168723184152749
Observer,0.0016200563366538534
Observer,0.0032190197665655338
Observer,0.00023794842071763508
Observer,0.001482831388371946
Observer,0.0014045765846290208
Observer,0.0013632304934983565
Observer,0.0012593838747286068
Observer,0.0036668467986954445
Observer,0.0009220130485893184
Observer,0.0017518287698970738
Observer,0.0026689855571804862
Observer,0.004439322300458822
Observer,0.0006005138310329918
Observer,0.002619265862765701
Observer,0.00018227474055762183
Observer,0.001749601777745402
Observer,0.0022623986774066387
Observer,0.0017511439488942068
Observer,0.0006754165710213403
Observer,0.0001419939679740307
Observer,0.01137134679018134
Observer,0.005780092077159722
Observer,0.0030913783897718768
Observer,0.002175329232288581
Observer,0.002641684989808812
Observer,0.0006381672611668752
Observer,0.0008714033976049863
Observer,0.0023871103359971177
Observer,0.0022619147842694036
Observer,0.0029397838321206255
Observer,0.00213735736326804
Observer,0.005249806237906041
Observer,0.0008213772969474082
Observer,0.002668413279520316
Observer,0.0058233036644014914
Observer,0.004947401077934706
Observer,0.00016734007786330958
Observer,0.0006953504236769526
Observer,0.0008239201683036865
Observer,0.00048948493595992
Observer,0.001669396932890935
Observer,0.005132667561949203
Observer,0.0010820568152173466
Observer,0.012476498601466829
Observer,0.006927052991156635
Observer,0.0009552225210242345
Observer,0.0009970223403204866
Observer,0.002401825178028502
Observer,0.005854159748280873
Observer,0.00405202177532624
Observer,0.0022656631165833374
Observer,0.002100466548092301
Observer,0.0020908162742148523
Observer,0.004370937878546862
Observer,0.003379787353755146
Observer,0.004367241610496582
Observer,0.0018220553525020024
Observer,0.001772381716576076
Observer,0.00010353932245452474
Observer,0.0025652971051231457
Observer,0.002962125145940602
Observer,0.0010370851937691703
Observer,0.0011680049386876379
Observer,0.008048743655175739
Observer,0.001472818584272746
Observer,0.0016729168150652015
Observer,0.0012240274778994114
Observer,0.007522639741927392
Observer,0.0023417402006818883
Observer,0.0009684783479157368
Observer,0.0005076819939812304
Observer,0.00032014468059118607
Observer,0.003506966135568387
Observer,0.0018142029932122494
Observer,8.745576301453989e-05
Observer,0.0017859464379876453
Observer,0.0010448898513600324
Observer,0.0010963522272203008
Observer,0.00045247790163805427
Observer,0.004637715964190592
Observer,0.0024164572484047754
Observer,0.001197841022377755
Observer,0.004573031508859327
Observer,0.0017440167712588612
Observer,0.0019849341453553083
Observer,0.0028868691330520466
Observer,0.001500669447567487
Observer,0.004196986291622652
Observer,0.00023917901145323773
Observer,0.0016398901875965184
Observer,0.0006241382986998939
Observer,0.0025061531906408474
Observer,0.005691912125418899
Observer,0.0018133790903647293
Observer,0.004152912655327888
Observer,0.0007895585286579816
Observer,0.0017280519360818802
Observer,0.0039428270651681195
Observer,0.005558522370254806
Observer,0.001379431832071474
Observer,9.40312009263288e-05
Observer,0.001775696694208646
Observer,0.004814629706590964
Observer,0.0037188918241729376
Observer,0.0010023451097774456
Observer,0.0019925762067733136
Observer,0.00091997462637459
Observer,0.004338500523957328
Observer,0.0008257090909804067
Observer,0.006751579410940651
Observer,0.004281920867957435
Observer,0.0010303395244771211
Observer,0.0018344983988818253
Observer,0.015240251955894808
Observer,0.002236622725885652
Observer,0.0026937565380686247
Observer,0.0011228893529051606
Observer,0.002519202985195499
Observer,0.0052376240262275164
Observer,0.0018736625999509523
Observer,0.0005423511319201781
Observer,0.0038672646453917015
Observer,0.003413854278756451
Observer,0.009960963659026772
Observer,0.0003262199572567397
Observer,0.0011704691053038535
Observer,0.0006957240210272977
Observer,0.0021190590407690417
Observer,0.00030086464109408605
Observer,0.003541592345877562
Observer,0.002081442701625735
Observer,0.002697008128643772
Observer,0.0068506137411111796
Observer,0.0020394150962973665
Observer,3.836336877473342e-05
Observer,0.004687405240000111
Observer,0.002610546025322197
Observer,0.0020217831915126465
Observer,0.005388912769635027
Observer,0.006719568467402919
Observer,0.0006424458258356606
Observer,0.00017113913107425315
Observer,0.002220254289544686
Observer,0.008095685554719534
Observer,0.002665709836022494
Observer,0.00030004405738754645
Observer,0.00037524213357628086
Observer,0.0036446123977913985
Observer,0.0004010297858138263
Observer,0.0020724562430321654
Observer,0.0008157598498420765
Observer,0.0008733978707598484
Observer,0.0028015732517801427
Observer,0.0067045042922325515
Observer,0.0035374591102045536
Observer,0.0021835921186388017
Observer,0.004013168664777265
Observer,0.0027879773319654626
Observer,0.002343037159595256
Observer,0.002717171401613437
Observer,0.001074848413974606
Observer,0.00023141937188366006
Observer,0.0037430504736461045
Observer,0.0002508245339568321
Observer,0.0034356693952043746
Observer,0.005618481712531035
Observer,0.0010233474010294572
Observer,0.0016483711956354137
Observer,0.0029426251815227737
Observer,0.0027660776559989076
Observer,0.004394190397908274
Observer,0.0008260756071323753
Observer,0.004750667605006929
Observer,0.0033566944616734945
Observer,0.0017354231004754741
Observer,0.0038837285564444586
Observer,0.0007834081146520376
Observer,0.0049696256131356855
Observer,0.00044292325446514423
Observer,0.0032503344910182162
Observer,0.0035193675646822695
Observer,0.000496384167988441
Observer,0.00024120258512979104
Observer,0.0007282285219184848
Observer,0.0010826840014072792
Observer,0.0006285628846837172
Observer,0.0030057938000724823
Observer,0.00037229891678245905
Observer,0.0030785390007798583
Observer,0.0028931806652370195
Observer,0.0005790415502624804
Observer,3.810220654524299e-05
Observer,0.009303255582762402
Observer,0.004756392046996874
Observer,0.0026120026028444753
Observer,0.0027586777395508665
Observer,0.008640377549009735
Observer,0.0014704007240100702
Observer,0.0004917760523919277
Observer,0.0009191886665786856
Observer,0.0008358680780516764
